{"cameraMode":{"drawMode":0,"name":"Shaded","section":"Shading Mode"},"sceneLighting":false,"audioPlay":false,"sceneViewState":{"showFog":true,"showMaterialUpdate":false,"showSkybox":false,"showFlares":true,"showImageEffects":true,"showParticleSystems":true},"in2DMode":false,"pivot":{"x":-2.6382670402526857,"y":0.9013395309448242,"z":2.750460624694824},"rotation":{"x":-0.07547671347856522,"y":0.03738413006067276,"z":0.002831759164109826,"w":0.9964434504508972},"size":9.052492141723633,"orthographic":false}