{"cameraMode":{"drawMode":0,"name":"Shaded","section":"Shading Mode"},"sceneLighting":false,"audioPlay":false,"sceneViewState":{"showFog":true,"showMaterialUpdate":false,"showSkybox":false,"showFlares":true,"showImageEffects":true,"showParticleSystems":true},"in2DMode":false,"pivot":{"x":3.1678736209869386,"y":5.560176372528076,"z":7.943607807159424},"rotation":{"x":0.45996972918510439,"y":-0.1903473138809204,"z":0.10165169090032578,"w":0.8613171577453613},"size":19.519390106201173,"orthographic":true}